OCC1950,OCC1950_name,OCCSOC,CPS Occupational Title
0,Accountants and auditors,132081,"Tax examiners and collectors, and revenue agents"
1,Actors and actresses,272011,Actors
10,College presidents and deans,119033,Education and childcare administrators
100,Farmers (owners and tenants),452091,Miscellaneous agricultural workers
100,Farmers (owners and tenants),452092,Miscellaneous agricultural workers
100,Farmers (owners and tenants),452093,Miscellaneous agricultural workers
123,Farm managers,451011,"First-line supervisors of farming, fishing, and forestry workers"
13,Post-Secondary Instructors/Deans: Biological sciences,251042,Postsecondary teachers
14,Post-Secondary Instructors/Deans: Chemistry,251052,Postsecondary teachers
16,Post-Secondary Instructors/Deans: Engineering,251032,Postsecondary teachers
18,Post-Secondary Instructors/Deans: Mathematics,251022,Postsecondary teachers
19,Post-Secondary Instructors/Deans: Medical sciences,251071,Postsecondary teachers
19,Post-Secondary Instructors/Deans: Medical sciences,251072,Postsecondary teachers
2,Airplane pilots and navigators,532011,Aircraft pilots and flight engineers
2,Airplane pilots and navigators,532012,Aircraft pilots and flight engineers
200,"Buyers and department heads, store",112011,Advertising and promotions managers
201,"Buyers and shippers, farm products",131021,
203,"Conductors, railroad",534031,Railroad conductors and yardmasters
204,Credit men,132072,Credit counselors and loan officers
210,"Inspectors, public administration",131041,Compliance officers
210,"Inspectors, public administration",132061,Financial examiners
210,"Inspectors, public administration",339093,Transportation security screeners
210,"Inspectors, public administration",452011,Agricultural inspectors
230,"Managers and superintendents, building",119141,"Property, real estate, and community association managers"
240,"Officers, pilots, pursers and engineers, ship",535021,Ship and boat captains and operators
240,"Officers, pilots, pursers and engineers, ship",535022,Ship and boat captains and operators
25,Post-Secondary Instructors/Deans: Statistics,251022,Postsecondary teachers
250,"Officials and administrators (n.e.c.), public administration",119161,Emergency management directors
260,"Officials, lodge, society, union, etc.",119199,
27,Post-Secondary Instructors/Deans: Social sciences (n.e.c.),251065,Postsecondary teachers
27,Post-Secondary Instructors/Deans: Social sciences (n.e.c.),251067,Postsecondary teachers
270,Postmasters,119131,"Managers, all other"
28,Post-Secondary Instructors/Deans: Non-scientific subjects,251062,Postsecondary teachers
28,Post-Secondary Instructors/Deans: Non-scientific subjects,251081,Postsecondary teachers
28,Post-Secondary Instructors/Deans: Non-scientific subjects,251082,Postsecondary teachers
280,Purchasing agents and buyers (n.e.c.),131023,
29,Post-Secondary Instructors/Deans: Subject not specified,251011,Postsecondary teachers
29,Post-Secondary Instructors/Deans: Subject not specified,251031,Postsecondary teachers
290,"Managers, officials, and proprietors (n.e.c.)",111011,Chief executives
290,"Managers, officials, and proprietors (n.e.c.)",111021,General and operations managers
290,"Managers, officials, and proprietors (n.e.c.)",113021,Computer and information systems managers
290,"Managers, officials, and proprietors (n.e.c.)",113031,Financial managers
290,"Managers, officials, and proprietors (n.e.c.)",113051,Industrial production managers
290,"Managers, officials, and proprietors (n.e.c.)",113061,Purchasing managers
290,"Managers, officials, and proprietors (n.e.c.)",113071,"Transportation, storage, and distribution managers"
290,"Managers, officials, and proprietors (n.e.c.)",119021,Construction managers
290,"Managers, officials, and proprietors (n.e.c.)",119041,Architectural and engineering managers
290,"Managers, officials, and proprietors (n.e.c.)",119051,Food service managers
290,"Managers, officials, and proprietors (n.e.c.)",119111,Medical and health services managers
290,"Managers, officials, and proprietors (n.e.c.)",119121,Natural sciences managers
290,"Managers, officials, and proprietors (n.e.c.)",119151,Social and community service managers
290,"Managers, officials, and proprietors (n.e.c.)",131051,Cost estimators
290,"Managers, officials, and proprietors (n.e.c.)",131121,"Meeting, convention, and event planners"
290,"Managers, officials, and proprietors (n.e.c.)",132031,Budget analysts
290,"Managers, officials, and proprietors (n.e.c.)",132041,Credit analysts
290,"Managers, officials, and proprietors (n.e.c.)",132071,Credit counselors and loan officers
290,"Managers, officials, and proprietors (n.e.c.)",132082,Tax preparers
290,"Managers, officials, and proprietors (n.e.c.)",254011,"Archivists, curators, and museum technicians"
290,"Managers, officials, and proprietors (n.e.c.)",254012,"Archivists, curators, and museum technicians"
290,"Managers, officials, and proprietors (n.e.c.)",254013,"Archivists, curators, and museum technicians"
290,"Managers, officials, and proprietors (n.e.c.)",272012,Producers and directors
290,"Managers, officials, and proprietors (n.e.c.)",351012,First-line supervisors of food preparation and serving workers
290,"Managers, officials, and proprietors (n.e.c.)",411012,First-line supervisors of non-retail sales workers
290,"Managers, officials, and proprietors (n.e.c.)",431011,First-line supervisors of office and administrative support workers
290,"Managers, officials, and proprietors (n.e.c.)",471011,First-line supervisors of construction trades and extraction workers
3,Architects,171011,"Architects, except landscape and naval"
300,Agents (n.e.c.),131011,"Agents and business managers of artists, performers, and athletes"
301,"Attendants and assistants, library",254031,Library technicians
301,"Attendants and assistants, library",434121,"Library assistants, clerical"
302,"Attendants, physician's and dentist's office",312021,Physical therapist assistants and aides
302,"Attendants, physician's and dentist's office",312022,Physical therapist assistants and aides
302,"Attendants, physician's and dentist's office",319091,Dental assistants
302,"Attendants, physician's and dentist's office",319092,Medical assistants
302,"Attendants, physician's and dentist's office",319093,Other healthcare support workers
302,"Attendants, physician's and dentist's office",319094,Medical transcriptionists
302,"Attendants, physician's and dentist's office",319095,Pharmacy aides
302,"Attendants, physician's and dentist's office",319096,Veterinary assistants and laboratory animal caretakers
302,"Attendants, physician's and dentist's office",319097,Phlebotomists
302,"Attendants, physician's and dentist's office",319099,Other healthcare support workers
305,Bank tellers,433071,Tellers
31,Dancers and dancing teachers,272031,Dancers and choreographers
31,Dancers and dancing teachers,272032,Dancers and choreographers
310,Bookkeepers,433031,"Bookkeeping, accounting, and auditing clerks"
32,Dentists,291021,Dentists
32,Dentists,291022,Dentists
32,Dentists,291023,Dentists
32,Dentists,291024,Dentists
320,Cashiers,412011,Cashiers
320,Cashiers,412012,Cashiers
321,"Collectors, bill and account",433011,Bill and account collectors
322,"Dispatchers and starters, vehicle",435032,"Dispatchers, except police, fire, and ambulance"
33,Designers,271021,Commercial and industrial designers
335,Mail carriers,435052,Postal service mail carriers
34,Dietitians and nutritionists,291031,Dietitians and nutritionists
340,Messengers and office boys,435021,Couriers and messengers
341,Office machine operators,439021,Data entry keyers
341,Office machine operators,439071,"Office machine operators, except computer"
342,Shipping and receiving clerks,435011,Cargo and freight agents
342,Shipping and receiving clerks,435071,"Shipping, receiving, and inventory clerks"
35,Draftsmen,173012,Other drafters
35,Draftsmen,173013,Other drafters
350,"Stenographers, typists, and secretaries",439022,Word processors and typists
36,Editors and reporters,273031,Public relations specialists
36,Editors and reporters,273041,Editors
360,Telegraph messengers,432021,Telephone operators
365,Telegraph operators,432021,Telephone operators
370,Telephone operators,432011,"Switchboard operators, including answering service"
370,Telephone operators,432021,Telephone operators
380,"Ticket, station, and express agents",413041,Travel agents
380,"Ticket, station, and express agents",434181,Reservation and transportation ticket agents and travel clerks
390,Clerical and kindred workers (n.e.c.),232011,Paralegals and legal assistants
390,Clerical and kindred workers (n.e.c.),412021,Counter and rental clerks
390,Clerical and kindred workers (n.e.c.),433021,Billing and posting clerks
390,Clerical and kindred workers (n.e.c.),433041,"Financial clerks, all other"
390,Clerical and kindred workers (n.e.c.),433051,Payroll and timekeeping clerks
390,Clerical and kindred workers (n.e.c.),433061,Procurement clerks
390,Clerical and kindred workers (n.e.c.),434011,"Information and record clerks, all other"
390,Clerical and kindred workers (n.e.c.),434021,Order clerks
390,Clerical and kindred workers (n.e.c.),434031,"Court, municipal, and license clerks"
390,Clerical and kindred workers (n.e.c.),434051,Customer service representatives
390,Clerical and kindred workers (n.e.c.),434061,"Eligibility interviewers, government programs"
390,Clerical and kindred workers (n.e.c.),434071,File clerks
390,Clerical and kindred workers (n.e.c.),434081,"Hotel, motel, and resort desk clerks"
390,Clerical and kindred workers (n.e.c.),434111,"Interviewers, except eligibility and loan"
390,Clerical and kindred workers (n.e.c.),434131,Loan interviewers and clerks
390,Clerical and kindred workers (n.e.c.),434141,New accounts clerks
390,Clerical and kindred workers (n.e.c.),434151,Order clerks
390,Clerical and kindred workers (n.e.c.),434161,"Human resources assistants, except payroll and timekeeping"
390,Clerical and kindred workers (n.e.c.),434171,Receptionists and information clerks
390,Clerical and kindred workers (n.e.c.),435041,"Meter readers, utilities"
390,Clerical and kindred workers (n.e.c.),435051,Postal service clerks
390,Clerical and kindred workers (n.e.c.),435053,"Postal service mail sorters, processors, and processing machine operators"
390,Clerical and kindred workers (n.e.c.),435061,"Production, planning, and expediting clerks"
390,Clerical and kindred workers (n.e.c.),435111,"Weighers, measurers, checkers, and samplers, recordkeeping"
390,Clerical and kindred workers (n.e.c.),439031,"Office and administrative support workers, all other"
390,Clerical and kindred workers (n.e.c.),439051,"Mail clerks and mail machine operators, except postal service"
390,Clerical and kindred workers (n.e.c.),439081,Proofreaders and copy markers
390,Clerical and kindred workers (n.e.c.),439061,"Office clerks, general"
4,Artists and art teachers,251121,Postsecondary teachers
4,Artists and art teachers,271013,Artists and related workers
4,Artists and art teachers,271014,Artists and related workers
400,Advertising agents and salesmen,413011,Advertising sales agents
41,"Engineers, aeronautical",172011,Aerospace engineers
42,"Engineers, chemical",172041,Chemical engineers
420,Demonstrators,419011,"Models, demonstrators, and product promoters"
420,Demonstrators,419012,"Models, demonstrators, and product promoters"
43,"Engineers, civil",172051,Civil engineers
430,Hucksters and peddlers,419091,"Door-to-door sales workers, news and street vendors, and related workers"
44,"Engineers, electrical",172061,Computer hardware engineers
44,"Engineers, electrical",172071,Electrical and electronics engineers
44,"Engineers, electrical",172072,Electrical and electronics engineers
45,"Engineers, industrial",172111,"Industrial engineers, including health and safety"
45,"Engineers, industrial",172112,"Industrial engineers, including health and safety"
450,Insurance agents and brokers,131031,"Claims adjusters, appraisers, examiners, and investigators"
450,Insurance agents and brokers,131032,"Claims adjusters, appraisers, examiners, and investigators"
450,Insurance agents and brokers,132053,Insurance underwriters
450,Insurance agents and brokers,413021,Insurance sales agents
450,Insurance agents and brokers,439041,Insurance claims and policy processing clerks
46,"Engineers, mechanical",172141,Mechanical engineers
460,Newsboys,419091,"Door-to-door sales workers, news and street vendors, and related workers"
47,"Engineers, metallurgical, metallurgists",172131,Materials engineers
470,Real estate agents and brokers,419021,Real estate brokers and sales agents
470,Real estate agents and brokers,419022,Real estate brokers and sales agents
48,"Engineers, mining",172151,Petroleum engineers
48,"Engineers, mining",172171,Petroleum engineers
480,Stock and bond salesmen,132052,Personal financial advisors
480,Stock and bond salesmen,413031,"Securities, commodities, and financial services sales agents"
49,Engineers (n.e.c.),172021,Bioengineers and biomedical engineers
49,Engineers (n.e.c.),172031,Bioengineers and biomedical engineers
49,Engineers (n.e.c.),172081,Environmental engineers
49,Engineers (n.e.c.),172161,"Engineers, all other"
49,Engineers (n.e.c.),172199,"Engineers, all other"
49,Engineers (n.e.c.),419031,Sales engineers
490,Salesmen and sales clerks (n.e.c.),131131,Fundraisers
490,Salesmen and sales clerks (n.e.c.),412022,Parts salespersons
490,Salesmen and sales clerks (n.e.c.),412031,Retail salespersons
490,Salesmen and sales clerks (n.e.c.),414011,"Sales representatives, wholesale and manufacturing"
490,Salesmen and sales clerks (n.e.c.),414012,"Sales representatives, wholesale and manufacturing"
490,Salesmen and sales clerks (n.e.c.),419041,Telemarketers
5,Athletes,272021,Athletes and sports competitors
500,Bakers,513011,Bakers
501,Blacksmiths,514122,"Welding, soldering, and brazing workers"
501,Blacksmiths,514192,Other metal workers and plastic workers
501,Blacksmiths,514193,Other metal workers and plastic workers
501,Blacksmiths,514194,Other metal workers and plastic workers
502,Bookbinders,515113,Print binding and finishing workers
503,Boilermakers,472011,Boilermakers
504,"Brickmasons, stonemasons, and tile setters",472021,"Brickmasons, blockmasons, and stonemasons"
504,"Brickmasons, stonemasons, and tile setters",472022,"Brickmasons, blockmasons, and stonemasons"
504,"Brickmasons, stonemasons, and tile setters",472171,"Brickmasons, blockmasons, and stonemasons"
505,Cabinetmakers,517011,Cabinetmakers and bench carpenters
51,Entertainers (n.e.c.),273042,Technical writers
510,Carpenters,472031,Carpenters
511,Cement and concrete finishers,472051,"Cement masons, concrete finishers, and terrazzo workers"
511,Cement and concrete finishers,472053,"Cement masons, concrete finishers, and terrazzo workers"
512,Compositors and typesetters,515111,Prepress technicians and workers
513,"Cranemen, derrickmen, and hoistmen",537021,Crane and tower operators
514,Decorators and window dressers,271025,Interior designers
515,Electricians,492098,Security and fire alarm systems installers
515,Electricians,472111,Electricians
52,Farm and home management advisors,259021,Other educational instruction and library workers
521,"Engravers, except photoengravers",519194,Etchers and engravers
522,"Excavating, grading, and road machinery operators",472071,Construction equipment operators
523,Foremen (n.e.c.),371012,"First-line supervisors of landscaping, lawn service, and groundskeeping workers"
523,Foremen (n.e.c.),491011,"First-line supervisors of mechanics, installers, and repairers"
523,Foremen (n.e.c.),511011,First-line supervisors of production and operating workers
524,Forgemen and hammermen,514022,"Forming machine setters, operators, and tenders, metal and plastic"
525,Furriers,516091,"Other textile, apparel, and furnishings workers"
525,Furriers,516092,"Other textile, apparel, and furnishings workers"
53,Foresters and conservationists,191031,Conservation scientists and foresters
53,Foresters and conservationists,191032,Conservation scientists and foresters
53,Foresters and conservationists,332022,Fire inspectors
530,Glaziers,472121,Glaziers
531,"Heat treaters, annealers, temperers",514191,Other metal workers and plastic workers
532,"Inspectors, scalers, and graders, log and lumber",454023,Logging workers
533,Inspectors (n.e.c.),474011,Construction and building inspectors
534,"Jewelers, watchmakers, goldsmiths, and silversmiths",499061,Precision instrument and equipment repairers
534,"Jewelers, watchmakers, goldsmiths, and silversmiths",499064,Precision instrument and equipment repairers
534,"Jewelers, watchmakers, goldsmiths, and silversmiths",519071,Jewelers and precious stone and metal workers
535,"Job setters, metal",514033,"Grinding, lapping, polishing, and buffing machine tool setters, operators, and tenders, metal and plastic"
54,Funeral directors and embalmers,119171,"Managers, all other"
54,Funeral directors and embalmers,394031,"Morticians, undertakers, and funeral arrangers"
540,"Linemen and servicemen, telegraph, telephone, and power",492021,Radio and telecommunications equipment installers and repairers
540,"Linemen and servicemen, telegraph, telephone, and power",492022,Radio and telecommunications equipment installers and repairers
540,"Linemen and servicemen, telegraph, telephone, and power",499051,Electrical power-line installers and repairers
540,"Linemen and servicemen, telegraph, telephone, and power",499052,Telecommunications line installers and repairers
541,Locomotive engineers,534011,Locomotive engineers and operators
542,Locomotive firemen,534013,Locomotive engineers and operators
543,Loom fixers,499041,Industrial and refractory machinery mechanics
544,Machinists,514041,Machinists
545,"Mechanics and repairmen, airplane",493011,Aircraft mechanics and service technicians
55,Lawyers and judges,231011,Lawyers
55,Lawyers and judges,231012,Judicial law clerks
55,Lawyers and judges,231021,Lawyers
55,Lawyers and judges,231022,Lawyers
55,Lawyers and judges,231023,Lawyers
550,"Mechanics and repairmen, automobile",493021,Automotive body and related repairers
550,"Mechanics and repairmen, automobile",493022,Automotive glass installers and repairers
550,"Mechanics and repairmen, automobile",493023,Automotive service technicians and mechanics
551,"Mechanics and repairmen, office machine",492011,"Computer, automated teller, and office machine repairers"
552,"Mechanics and repairmen, radio and television",492091,Avionics technicians
552,"Mechanics and repairmen, radio and television",492093,"Electrical and electronics repairers, industrial and utility"
552,"Mechanics and repairmen, radio and television",492094,"Electrical and electronics repairers, industrial and utility"
552,"Mechanics and repairmen, radio and television",492095,"Electrical and electronics repairers, industrial and utility"
552,"Mechanics and repairmen, radio and television",492096,"Electrical and electronics repairers, industrial and utility"
552,"Mechanics and repairmen, radio and television",492097,Audiovisual equipment installers and repairers
553,"Mechanics and repairmen, railroad and car shop",493043,Heavy vehicle and mobile equipment service technicians and mechanics
554,Mechanics and repairmen (n.e.c.),474021,Elevator and escalator installers and repairers
554,Mechanics and repairmen (n.e.c.),492092,"Electric motor, power tool, and related repairers"
554,Mechanics and repairmen (n.e.c.),493041,Heavy vehicle and mobile equipment service technicians and mechanics
554,Mechanics and repairmen (n.e.c.),493042,Heavy vehicle and mobile equipment service technicians and mechanics
554,Mechanics and repairmen (n.e.c.),493051,Small engine mechanics
554,Mechanics and repairmen (n.e.c.),493052,Small engine mechanics
554,Mechanics and repairmen (n.e.c.),493053,Small engine mechanics
554,Mechanics and repairmen (n.e.c.),499011,Control and valve installers and repairers
554,Mechanics and repairmen (n.e.c.),499012,Control and valve installers and repairers
554,Mechanics and repairmen (n.e.c.),499021,"Heating, air conditioning, and refrigeration mechanics and installers"
554,Mechanics and repairmen (n.e.c.),499031,Home appliance repairers
554,Mechanics and repairmen (n.e.c.),499045,Industrial and refractory machinery mechanics
554,Mechanics and repairmen (n.e.c.),499094,Locksmiths and safe repairers
554,Mechanics and repairmen (n.e.c.),499096,Riggers
56,Librarians,254022,Librarians and media collections specialists
560,Millwrights,499044,Millwrights
561,"Molders, metal",514072,"Molders and molding machine setters, operators, and tenders, metal and plastic"
562,Motion picture projectionists,393021,Other entertainment attendants and related workers
563,Opticians and lens grinders and polishers,292081,"Opticians, dispensing"
564,"Painters, construction and maintenance",472141,Painters and paperhangers
565,Paperhangers,472142,Painters and paperhangers
57,Musicians and music teachers,252051,Special education teachers
57,Musicians and music teachers,252057,Special education teachers
57,Musicians and music teachers,252058,Special education teachers
57,Musicians and music teachers,272041,Music directors and composers
57,Musicians and music teachers,272042,Musicians and singers
570,"Pattern and model makers, except paper",514061,"Molders and molding machine setters, operators, and tenders, metal and plastic"
571,Photoengravers and lithographers,515111,Prepress technicians and workers
573,Plasterers,472161,Plasterers and stucco masons
574,Plumbers and pipe fitters,472152,"Plumbers, pipefitters, and steamfitters"
575,"Pressmen and plate printers, printing",515112,Printing press operators
58,"Nurses, professional",291071,Physician assistants
58,"Nurses, professional",291151,Nurse anesthetists
58,"Nurses, professional",291161,Nurse practitioners
58,"Nurses, professional",291171,Nurse practitioners
58,"Nurses, professional",291141,Registered nurses
580,"Rollers and roll hands, metal",514023,"Forming machine setters, operators, and tenders, metal and plastic"
581,Roofers and slaters,472181,Roofers
582,"Shoemakers and repairers, except factory",516041,Shoe and leather workers
583,Stationary engineers,518021,Stationary engineers and boiler operators
583,Stationary engineers,518031,Water and wastewater treatment plant and system operators
583,Stationary engineers,537071,Pumping station operators
583,Stationary engineers,537072,Pumping station operators
583,Stationary engineers,537073,Pumping station operators
585,Structural metal workers,472221,Structural iron and steel workers
590,Tailors and tailoresses,516052,"Tailors, dressmakers, and sewers"
591,"Tinsmiths, coppersmiths, and sheet metal workers",472211,Sheet metal workers
592,"Tool makers, and die makers and setters",514111,Tool and die makers
593,Upholsterers,516093,Upholsterers
594,Craftsmen and kindred workers (n.e.c.),271012,Artists and related workers
6,Authors,273043,Writers and authors
61,Agricultural scientists,191011,Agricultural and food scientists
61,Agricultural scientists,191012,Agricultural and food scientists
61,Agricultural scientists,191013,Agricultural and food scientists
611,"Apprentices, building trades (n.e.c.)",474099,
62,Biological scientists,191021,Biological scientists
62,Biological scientists,191022,Biological scientists
62,Biological scientists,191023,Biological scientists
62,Biological scientists,191029,Biological scientists
62,Biological scientists,191041,Medical scientists
62,Biological scientists,191042,Medical scientists
620,Asbestos and insulation workers,472131,Insulation workers
620,Asbestos and insulation workers,472132,Insulation workers
620,Asbestos and insulation workers,474041,Hazardous materials removal workers
621,"Attendants, auto service and parking",493091,"Miscellaneous vehicle and mobile equipment mechanics, installers, and repairers"
621,"Attendants, auto service and parking",493092,"Miscellaneous vehicle and mobile equipment mechanics, installers, and repairers"
621,"Attendants, auto service and parking",493093,"Miscellaneous vehicle and mobile equipment mechanics, installers, and repairers"
621,"Attendants, auto service and parking",536021,Parking attendants
622,Blasters and powdermen,475032,
624,"Brakemen, railroad",534031,Railroad conductors and yardmasters
625,Bus drivers,533052,"Bus drivers, transit and intercity"
63,Geologists and geophysicists,192042,"Geoscientists and hydrologists, except geographers"
63,Geologists and geophysicists,194042,Environmental science and geoscience technicians
63,Geologists and geophysicists,194051,Environmental science and geoscience technicians
632,Deliverymen and routemen,533031,Driver/sales workers and truck drivers
633,"Dressmakers and seamstresses, except factory",516051,"Tailors, dressmakers, and sewers"
634,Dyers,516061,"Textile machine setters, operators, and tenders"
635,"Filers, grinders, and polishers, metal",519022,"Crushing, grinding, polishing, mixing, and blending workers"
640,"Fruit, nut, and vegetable graders, and packers, except factory",452092,Miscellaneous agricultural workers
641,"Furnacemen, smeltermen and pourers",514051,"Metal furnace operators, tenders, pourers, and casters"
642,"Heaters, metal",519051,"Furnace, kiln, oven, drier, and kettle operators and tenders"
643,Laundry and dry cleaning operatives,516021,"Pressers, textile, garment, and related materials"
643,Laundry and dry cleaning operatives,516011,Laundry and dry-cleaning workers
644,"Meat cutters, except slaughter and packing house",513021,"Butchers and other meat, poultry, and fish processing workers"
644,"Meat cutters, except slaughter and packing house",513022,"Butchers and other meat, poultry, and fish processing workers"
644,"Meat cutters, except slaughter and packing house",513023,"Butchers and other meat, poultry, and fish processing workers"
650,Mine operatives and laborers,475011,"Derrick, rotary drill, and service unit operators, oil and gas"
650,Mine operatives and laborers,475012,"Derrick, rotary drill, and service unit operators, oil and gas"
650,Mine operatives and laborers,475013,"Derrick, rotary drill, and service unit operators, oil and gas"
650,Mine operatives and laborers,475071,"Derrick, rotary drill, and service unit operators, oil and gas"
650,Mine operatives and laborers,518091,Miscellaneous plant and system operators
650,Mine operatives and laborers,518092,Miscellaneous plant and system operators
650,Mine operatives and laborers,518093,Miscellaneous plant and system operators
650,Mine operatives and laborers,518099,Miscellaneous plant and system operators
660,"Motormen, mine, factory, logging camp, etc.",475044,Underground mining machine operators
661,"Motormen, street, subway, and elevated railway",534041,Other rail transportation workers
662,"Oilers and greaser, except auto",499043,"Maintenance workers, machinery"
67,Mathematicians,152021,Other mathematical science occupations
670,"Painters, except construction or maintenance",517021,Furniture finishers
670,"Painters, except construction or maintenance",519123,Painting workers
670,"Painters, except construction or maintenance",519124,Painting workers
671,Photographic process workers,519151,Photographic process workers and processing machine operators
672,Power station operators,518011,"Power plant operators, distributors, and dispatchers"
672,Power station operators,518012,"Power plant operators, distributors, and dispatchers"
672,Power station operators,518013,"Power plant operators, distributors, and dispatchers"
673,Sailors and deck hands,535011,Sailors and marine oilers
674,Sawyers,517041,"Sawing machine setters, operators, and tenders, wood"
675,"Spinners, textile",516062,"Textile machine setters, operators, and tenders"
675,"Spinners, textile",516064,"Textile machine setters, operators, and tenders"
675,"Spinners, textile",516061,"Textile machine setters, operators, and tenders"
68,Physicists,192011,Astronomers and physicists
68,Physicists,192012,Astronomers and physicists
680,Stationary firemen,514052,"Metal furnace operators, tenders, pourers, and casters"
681,"Switchmen, railroad",534031,Railroad conductors and yardmasters
682,Taxicab drivers and chauffers,533011,"Ambulance drivers and attendants, except emergency medical technicians"
683,Truck and tractor drivers,533033,Driver/sales workers and truck drivers
684,"Weavers, textile",516063,"Textile machine setters, operators, and tenders"
685,Welders and flame cutters,514121,"Welding, soldering, and brazing workers"
685,Welders and flame cutters,514122,"Welding, soldering, and brazing workers"
69,Miscellaneous natural scientists,192021,Atmospheric and space scientists
69,Miscellaneous natural scientists,192099,"Physical scientists, all other"
690,Operative and kindred workers (n.e.c.),372021,Pest control workers
690,Operative and kindred workers (n.e.c.),392021,Animal caretakers
690,Operative and kindred workers (n.e.c.),472081,"Drywall installers, ceiling tile installers, and tapers"
690,Operative and kindred workers (n.e.c.),472082,"Drywall installers, ceiling tile installers, and tapers"
690,Operative and kindred workers (n.e.c.),499098,"Helpers--installation, maintenance, and repair workers"
690,Operative and kindred workers (n.e.c.),512011,Other assemblers and fabricators
690,Operative and kindred workers (n.e.c.),512021,"Electrical, electronics, and electromechanical assemblers"
690,Operative and kindred workers (n.e.c.),512031,Engine and other machine assemblers
690,Operative and kindred workers (n.e.c.),512041,Structural metal fabricators and fitters
690,Operative and kindred workers (n.e.c.),512051,Other assemblers and fabricators
690,Operative and kindred workers (n.e.c.),512061,Other assemblers and fabricators
690,Operative and kindred workers (n.e.c.),513091,"Food and tobacco roasting, baking, and drying machine operators and tenders"
690,Operative and kindred workers (n.e.c.),514031,"Cutting, punching, and press machine setters, operators, and tenders, metal and plastic"
690,Operative and kindred workers (n.e.c.),514062,"Molders and molding machine setters, operators, and tenders, metal and plastic"
690,Operative and kindred workers (n.e.c.),514071,"Molders and molding machine setters, operators, and tenders, metal and plastic"
690,Operative and kindred workers (n.e.c.),516031,Sewing machine operators
690,Operative and kindred workers (n.e.c.),517042,"Woodworking machine setters, operators, and tenders, except sawing"
690,Operative and kindred workers (n.e.c.),519011,"Chemical processing machine setters, operators, and tenders"
690,Operative and kindred workers (n.e.c.),519012,"Chemical processing machine setters, operators, and tenders"
690,Operative and kindred workers (n.e.c.),519021,"Crushing, grinding, polishing, mixing, and blending workers"
690,Operative and kindred workers (n.e.c.),519023,"Crushing, grinding, polishing, mixing, and blending workers"
690,Operative and kindred workers (n.e.c.),519031,Cutting workers
690,Operative and kindred workers (n.e.c.),519032,Cutting workers
690,Operative and kindred workers (n.e.c.),519041,"Extruding, forming, pressing, and compacting machine setters, operators, and tenders"
690,Operative and kindred workers (n.e.c.),519111,Packaging and filling machine operators and tenders
690,Operative and kindred workers (n.e.c.),519191,Adhesive bonding machine operators and tenders
690,Operative and kindred workers (n.e.c.),519196,"Paper goods machine setters, operators, and tenders"
690,Operative and kindred workers (n.e.c.),519197,Tire builders
690,Operative and kindred workers (n.e.c.),536051,Transportation inspectors
690,Operative and kindred workers (n.e.c.),537051,Industrial truck and tractor operators
690,Operative and kindred workers (n.e.c.),537064,"Packers and packagers, hand"
7,Chemists,192031,Chemists and materials scientists
7,Chemists,192032,Chemists and materials scientists
70,Optometrists,291041,Optometrists
700,"Housekeepers, private household",372012,Maids and housekeeping cleaners
710,"Laundresses, private household",516011,Laundry and dry-cleaning workers
72,Personnel and labor relations workers,113111,Compensation and benefits managers
72,Personnel and labor relations workers,113121,Human resources managers
72,Personnel and labor relations workers,113131,Training and development managers
72,Personnel and labor relations workers,131071,Human resources workers
72,Personnel and labor relations workers,131074,Human resources workers
72,Personnel and labor relations workers,131075,Human resources workers
72,Personnel and labor relations workers,131141,"Compensation, benefits, and job analysis specialists"
72,Personnel and labor relations workers,131151,Training and development specialists
720,Private household workers (n.e.c.),371011,First-line supervisors of housekeeping and janitorial workers
73,Pharmacists,291051,Pharmacists
730,"Attendants, hospital and other institution",312011,Occupational therapy assistants and aides
730,"Attendants, hospital and other institution",312012,Occupational therapy assistants and aides
731,"Attendants, professional and personal service (n.e.c.)",319011,Massage therapists
731,"Attendants, professional and personal service (n.e.c.)",399011,Childcare workers
731,"Attendants, professional and personal service (n.e.c.)",399041,Residential advisors
732,"Attendants, recreation and amusement",339011,Animal control workers
732,"Attendants, recreation and amusement",393011,Gambling services workers
732,"Attendants, recreation and amusement",393012,Gambling services workers
74,Photographers,274021,Photographers
74,Photographers,274031,"Television, video, and film camera operators and editors"
74,Photographers,274032,"Television, video, and film camera operators and editors"
740,"Barbers, beauticians, and manicurists",395011,Barbers
740,"Barbers, beauticians, and manicurists",395012,"Hairdressers, hairstylists, and cosmetologists"
75,Physicians and surgeons,291211,Other physicians
75,Physicians and surgeons,291215,Other physicians
75,Physicians and surgeons,291216,Other physicians
75,Physicians and surgeons,291218,Other physicians
75,Physicians and surgeons,291221,Other physicians
75,Physicians and surgeons,291223,Other physicians
750,Bartenders,353011,Bartenders
752,Boarding and lodging house keepers,119081,Lodging managers
753,Charwomen and cleaners,372012,Maids and housekeeping cleaners
754,"Cooks, except private household",351011,Chefs and head cooks
754,"Cooks, except private household",352011,Cooks
754,"Cooks, except private household",352012,Cooks
754,"Cooks, except private household",352013,Cooks
754,"Cooks, except private household",352014,Cooks
754,"Cooks, except private household",352015,Cooks
754,"Cooks, except private household",352021,Food preparation workers
76,Radio operators,532021,Air traffic controllers and airfield operations specialists
76,Radio operators,532022,Air traffic controllers and airfield operations specialists
760,Counter and fountain workers,359031,"Hosts and hostesses, restaurant, lounge, and coffee shop"
761,Elevator operators,393031,"Ushers, lobby attendants, and ticket takers"
762,"Firemen, fire protection",331021,First-line supervisors of firefighting and prevention workers
762,"Firemen, fire protection",332011,Firefighters
762,"Firemen, fire protection",332021,Fire inspectors
763,"Guards, watchmen, and doorkeepers",339021,Private detectives and investigators
763,"Guards, watchmen, and doorkeepers",339031,Security guards and gambling surveillance officers
763,"Guards, watchmen, and doorkeepers",339032,Security guards and gambling surveillance officers
764,"Housekeepers and stewards, except private household",372012,Maids and housekeeping cleaners
77,Recreation and group workers,399032,Recreation workers
770,Janitors and sextons,372011,Janitors and building cleaners
773,Policemen and detectives,331011,First-line supervisors of correctional officers
773,Policemen and detectives,333021,Detectives and criminal investigators
78,Religious workers,212021,"Directors, religious activities and education"
780,Porters,396012,"Baggage porters, bellhops, and concierges"
780,Porters,396011,"Baggage porters, bellhops, and concierges"
781,Practical nurses,292061,Licensed practical and licensed vocational nurses
782,Sheriffs and bailiffs,333031,Parking enforcement workers
782,Sheriffs and bailiffs,333041,Parking enforcement workers
784,Waiters and waitresses,353031,Waiters and waitresses
785,Watchmen (crossing) and bridge tenders,536011,Other transportation workers
79,"Social and welfare workers, except group",211091,Other community and social service specialists
79,"Social and welfare workers, except group",211092,Probation officers and correctional treatment specialists
79,"Social and welfare workers, except group",211093,Social and human service assistants
79,"Social and welfare workers, except group",211094,Other community and social service specialists
790,"Service workers, except private household (n.e.c.)",353041,"Food servers, nonrestaurant"
790,"Service workers, except private household (n.e.c.)",359011,Dining room and cafeteria attendants and bartender helpers
790,"Service workers, except private household (n.e.c.)",359021,Dishwashers
8,Chiropractors,291011,Chiropractors
81,Economists,131161,Market research analysts and marketing specialists
81,Economists,193011,Economists
810,Farm foremen,451011,"First-line supervisors of farming, fishing, and forestry workers"
82,Psychologists,193033,
820,"Farm laborers, wage workers",392011,Animal trainers
820,"Farm laborers, wage workers",452021,Miscellaneous agricultural workers
820,"Farm laborers, wage workers",452041,"Graders and sorters, agricultural products"
820,"Farm laborers, wage workers",452091,Miscellaneous agricultural workers
820,"Farm laborers, wage workers",452093,Miscellaneous agricultural workers
83,Statisticians and actuaries,152011,Actuaries
83,Statisticians and actuaries,152041,Other mathematical science occupations
83,Statisticians and actuaries,439111,Statistical assistants
830,"Farm laborers, unpaid family workers",452093,Miscellaneous agricultural workers
84,Miscellaneous social scientists,193022,Miscellaneous social scientists and related workers
84,Miscellaneous social scientists,193041,Miscellaneous social scientists and related workers
84,Miscellaneous social scientists,193091,Miscellaneous social scientists and related workers
84,Miscellaneous social scientists,193092,Miscellaneous social scientists and related workers
84,Miscellaneous social scientists,193093,Miscellaneous social scientists and related workers
84,Miscellaneous social scientists,193094,Miscellaneous social scientists and related workers
84,Miscellaneous social scientists,193099,Miscellaneous social scientists and related workers
840,"Farm service laborers, self-employed",452093,Miscellaneous agricultural workers
9,Clergymen,212011,Clergy
91,Sports instructors and officials,399031,Exercise trainers and group fitness instructors
910,Fishermen and oystermen,453031,Fishing and hunting workers
92,Surveyors,171021,"Surveyors, cartographers, and photogrammetrists"
92,Surveyors,171022,"Surveyors, cartographers, and photogrammetrists"
920,Garage laborers and car washers and greasers,537061,Cleaners of vehicles and equipment
93,Teachers (n.e.c.),119031,Education and childcare administrators
93,Teachers (n.e.c.),119032,Education and childcare administrators
93,Teachers (n.e.c.),252011,Preschool and kindergarten teachers
93,Teachers (n.e.c.),252012,Preschool and kindergarten teachers
93,Teachers (n.e.c.),252021,Elementary and middle school teachers
93,Teachers (n.e.c.),252022,Elementary and middle school teachers
93,Teachers (n.e.c.),252023,Elementary and middle school teachers
93,Teachers (n.e.c.),252031,Secondary school teachers
93,Teachers (n.e.c.),252032,Secondary school teachers
930,"Gardeners, except farm and groundskeepers",373011,Landscaping and groundskeeping workers
94,"Technicians, medical and dental",291124,Radiation therapists
94,"Technicians, medical and dental",291292,Dental hygienists
94,"Technicians, medical and dental",519081,Dental and ophthalmic laboratory technicians and medical appliance technicians
94,"Technicians, medical and dental",519082,Dental and ophthalmic laboratory technicians and medical appliance technicians
94,"Technicians, medical and dental",519083,Dental and ophthalmic laboratory technicians and medical appliance technicians
940,Longshoremen and stevedores,537062,"Laborers and freight, stock, and material movers, hand"
95,"Technicians, testing",194021,Biological technicians
95,"Technicians, testing",194031,Chemical technicians
95,"Technicians, testing",194099,Environmental science and geoscience technicians
95,"Technicians, testing",194099,"Other life, physical, and social science technicians"
95,"Technicians, testing",519061,"Inspectors, testers, sorters, samplers, and weighers"
950,"Lumbermen, raftsmen, and woodchoppers",454021,Logging workers
950,"Lumbermen, raftsmen, and woodchoppers",454022,Logging workers
96,Technicians (n.e.c.),173029,
960,Teamsters,537121,Other material moving workers
97,Therapists and healers (n.e.c.),291081,Podiatrists
97,Therapists and healers (n.e.c.),291122,Occupational therapists
97,Therapists and healers (n.e.c.),291123,Physical therapists
97,Therapists and healers (n.e.c.),291125,Recreational therapists
97,Therapists and healers (n.e.c.),291126,Respiratory therapists
97,Therapists and healers (n.e.c.),291127,Speech-language pathologists
97,Therapists and healers (n.e.c.),291128,"Therapists, all other"
97,Therapists and healers (n.e.c.),291129,"Therapists, all other"
97,Therapists and healers (n.e.c.),291181,Audiologists
970,Laborers (n.e.c.),474031,Fence erectors
970,Laborers (n.e.c.),474051,Highway maintenance workers
970,Laborers (n.e.c.),339091,Crossing guards and flaggers
970,Laborers (n.e.c.),454011,Forest and conservation workers
970,Laborers (n.e.c.),472061,Construction laborers
970,Laborers (n.e.c.),473011,"Helpers, construction trades"
970,Laborers (n.e.c.),473012,"Helpers, construction trades"
970,Laborers (n.e.c.),473013,"Helpers, construction trades"
970,Laborers (n.e.c.),473014,"Helpers, construction trades"
970,Laborers (n.e.c.),473015,"Helpers, construction trades"
970,Laborers (n.e.c.),473016,"Helpers, construction trades"
970,Laborers (n.e.c.),474061,Rail-track laying and maintenance equipment operators
970,Laborers (n.e.c.),474071,Miscellaneous construction and related workers
970,Laborers (n.e.c.),513093,Food cooking machine operators and tenders
970,Laborers (n.e.c.),519198,Helpers--production workers
970,Laborers (n.e.c.),537063,Machine feeders and offbearers
970,Laborers (n.e.c.),537081,Refuse and recyclable material collectors
98,Veterinarians,291131,Veterinarians
99,"Professional, technical and kindred workers (n.e.c.)",131081,Logisticians
99,"Professional, technical and kindred workers (n.e.c.)",151211,Computer systems analysts
99,"Professional, technical and kindred workers (n.e.c.)",151212,Information security analysts
99,"Professional, technical and kindred workers (n.e.c.)",151221,Computer and information research scientists
99,"Professional, technical and kindred workers (n.e.c.)",151231,Computer support specialists
99,"Professional, technical and kindred workers (n.e.c.)",151232,Computer support specialists
99,"Professional, technical and kindred workers (n.e.c.)",151241,Computer network architects
99,"Professional, technical and kindred workers (n.e.c.)",151244,Network and computer systems administrators
99,"Professional, technical and kindred workers (n.e.c.)",151251,Computer programmers
99,"Professional, technical and kindred workers (n.e.c.)",152031,Operations research analysts
99,"Professional, technical and kindred workers (n.e.c.)",193051,Urban and regional planners
